Kecepatan (pixel/s),Status
56.42137009648714,Aman
90.87953267818432,Aman
164.10728332727854,Terlalu Cepat
32.56746077163292,Aman
171.57933383854345,Terlalu Cepat
